1a_GloFAS_Seas_1m_EnsM_Average,1a_GloFAS_Seas_1m_EnsM_Kafue,1a_GloFAS_Seas_1m_EnsM_Luangwa,1a_GloFAS_Seas_1m_EnsM_Mangochi,1a_GloFAS_Seas_1m_EnsM_Sum,1a_GloFAS_Seas_1m_EnsM_Victoria,1a_GloFAS_Seas_1m_EnsM_ZRB,1b_HYPE_Seas_1m_EnsM_Kafue,1b_HYPE_Seas_1m_EnsM_Luangwa,1b_HYPE_Seas_1m_EnsM_Mangochi,1b_HYPE_Seas_1m_EnsM_Victoria,1b_HYPE_Seas_1m_EnsM_ZRB,2b_HYPE_Seas_1m_Anom_Kafue,2b_HYPE_Seas_1m_Anom_Luangwa,2b_HYPE_Seas_1m_Anom_Mangochi,2b_HYPE_Seas_1m_Anom_Victoria,3a_GloFAS_Seas_3m_prob20_Kafue,3a_GloFAS_Seas_3m_prob20_Luangwa,3a_GloFAS_Seas_3m_prob20_Mangochi,3a_GloFAS_Seas_3m_prob20_Victoria,3a_GloFAS_Seas_3m_prob20_ZRB,3b_HYPE_Seas_3m_prob20_Kafue,3b_HYPE_Seas_3m_prob20_Luangwa,3b_HYPE_Seas_3m_prob20_Mangochi,3b_HYPE_Seas_3m_prob20_Victoria,3b_HYPE_Seas_3m_prob20_ZRB,4a_GloFAS_SRI_1m_Kafue,4a_GloFAS_SRI_1m_Luangwa,4a_GloFAS_SRI_1m_Mangochi,4a_GloFAS_SRI_1m_Victoria,4a_GloFAS_SRI_1m_ZRB,4b_HYPE_SRI_1m_Kafue,4b_HYPE_SRI_1m_Luangwa,4b_HYPE_SRI_1m_Mangochi,4b_HYPE_SRI_1m_Victoria,4b_HYPE_SRI_1m_ZRB,date
4794586626,1910455792,3017220334,4458465031,19178346503,9792205346,19178346503,277937568,566749440,840214080,469714222,2154615310,-0.291835993077536,-0.197518044787548,0.190976834053509,-0.43314531546285,1.0,1.0,1.0,1.0,1.0,1.0,1.0,1.0,1.0,1.0,-1.09295266604129,1.80426117624045,-1.50133514578216,-0.491591693081575,0.306488841587344,-1.09295266604129,1.80426117624045,-1.50133514578216,-0.491591693081575,0.306488841587344,1993-01-01
11179853698,5701697669,8817917774,5622792336,44719414790,24577007011,44719414790,179101117,530085427,805390387,2168454758,3683031690,-0.293555615445092,0.270688499340056,0.18162458268217,1.32309504856727,1.0,1.0,1.0,1.0,1.0,1.0,1.0,1.0,1.0,1.0,0.210456540095135,1.69261693744628,-1.4899842529043,-0.530682293419509,0.653159297382569,0.210456540095135,1.69261693744628,-1.4899842529043,-0.530682293419509,0.653159297382569,1993-02-01
21670789934,10981115690,15317573965,8273900236,86683159735,52110569844,86683159735,140458510,572191949,1053211162,2998361664,4764223284,-0.37789446020083,0.660446386066316,0.290387658108025,0.924604287166748,1.0,1.0,1.0,1.0,1.0,0.92,1.0,1.0,1.0,1.0,0.850345063527682,1.80722572965958,-1.41825709231925,-0.466110744702435,0.86329119703922,0.850345063527682,1.80722572965958,-1.41825709231925,-0.466110744702435,0.86329119703922,1993-03-01
15217141194,8165655576,9509890644,9745550100,60868564776,33447468456,60868564776,22024120,192155328,1410784128,1122781824,2747745400,-0.845803933699609,0.468295314110092,0.648472417405048,0.27760859771546,1.0,1.0,1.0,1.0,1.0,0.08,1.0,1.0,1.0,1.0,1.05138111143986,2.15741333505925,-1.42375013082369,-0.145579965433171,1.11670003015499,1.05138111143986,2.15741333505925,-1.42375013082369,-0.145579965433171,1.11670003015499,1993-04-01
8600406765,3437422513,3492606035,9576497779,34401627061,17895100734,34401627061,3378212,63641998,1722532608,1241620531,3031173350,-0.666922890661692,1.24328964339248,0.908899533766536,4.17289359477952,1.0,1.0,1.0,1.0,1.0,0.0,0.0,1.0,1.0,1.0,1.11595161216637,2.12972774283241,-1.44962670185842,0.210912513296324,1.06966208724116,1.11595161216637,2.12972774283241,-1.44962670185842,0.210912513296324,1.06966208724116,1993-05-01
4690647698,1317610584,1448272278,7752688632,18762590790,8244019296,18762590790,0,5753618,1694742912,283015296,1983511826,-1.0,1.68197584287833,1.03649162150377,2.64312093626486,1.0,1.0,1.0,1.0,1.0,0.0,0.0,1.0,1.0,1.0,1.35546117362575,1.18934934746581,-0.149425968909328,1.30255153196567,1.29023163791896,-0.33284789144149,0.485125407178214,1.8936438066809,1.10666830829074,1.25858457296655,1993-06-01
3639438280,977071169,1132314804,6801609982,14557753121,5646757167,14557753121,0,0,1655390477,87861162,1743251639,0.0,-1.0,1.05244351529419,3.04453277874433,1.0,1.0,1.0,1.0,1.0,0.0,0.0,1.0,0.2,1.0,1.46137780761653,1.2617055725527,-0.0680517769978361,1.38835430772144,1.37770975318216,-0.405963132613914,1.05685373832211,2.12856858793732,1.24659012741979,1.57695474254429,1993-07-01
2989466126,801404622,917294526,5709764462,11957864503,4529400892,11957864503,0,0,1543647629,8025879,1551673508,0.0,0.0,1.06790684323543,2.48486171396673,1.0,1.0,0.0,1.0,0.08,0.0,0.0,1.0,0.16,1.0,1.67913284750914,1.45651405077598,0.00983132181414374,1.54822778320936,1.55927869956602,-0.393403998594483,1.07383115734788,2.28694364477931,1.13123812539617,1.67074688430561,1993-08-01
2369071746,627411366,711374400,4625054316,9476286984,3512446902,9476286984,0,0,1397917440,11716,1397929156,0.0,0.0,1.12548535507013,-0.985360652143583,1.0,0.16,0.0,0.12,0.04,0.08,0.08,1.0,0.72,1.0,1.6284301818929,1.31157584571051,0.0627598636629987,1.4282774754979,1.32555704210895,-0.216673820685354,0.945344669052418,2.38593488284848,1.1735677111371,2.0393710714501,1993-09-01
2017333940,514440400,567276136,4078328870,8069335762,2909290356,8069335762,0,0,1324608077,3670479,1328278556,-1.0,-1.0,1.16294332564039,1.354041797482,0.88,0.6,0.32,0.88,0.8,0.88,0.56,1.0,0.96,1.0,1.61718140954019,1.0636353531848,0.0629704276623125,1.49751787719703,1.14891377098199,-0.194759810239782,1.31887180298633,2.43159055258047,2.04206576953416,2.63613352740835,1993-10-01
1810219475,401831631,452219031,3798323118,7240877901,2588504121,7240877901,10893554,282735,1205186688,40313376,1256676353,0.969899795784154,-0.698722688218647,1.20016539827351,1.20102911873924,1.0,1.0,0.96,1.0,1.0,1.0,0.96,1.0,1.0,1.0,1.29985466703008,0.877632196036309,0.0828908170582082,1.33314774847199,0.91558640526524,0.934347821102048,0.969670287586277,2.4496528346382,1.93512896145542,2.51893753813962,1993-11-01
3201227614,463656373,457607095,3684858964,12804910456,8198788023,12804910456,125671599,15408407,1228121395,317979648,1687181049,0.256459807800943,-0.802543244255961,1.08263363259282,0.611248404735042,1.0,1.0,1.0,1.0,1.0,1.0,1.0,1.0,1.0,1.0,1.23580943601208,0.794502201844886,0.00854829119555298,1.71075687917241,1.13597319124318,0.638074140418839,-0.357953999387465,2.45712331079473,1.399777304874,2.71781844409176,1993-12-01
5604476726,1148504225,1116441880,4002731867,22417906903,16150228931,22417906903,245853550,282659052,1251627034,869794330,2649933965,-0.373583656237628,-0.599772364446859,0.774141659102777,0.0496743916636947,1.0,1.0,1.0,1.0,1.0,1.0,1.0,1.0,1.0,1.0,0.233304982461569,-0.367069383055485,-0.477822167926767,1.80202200079768,1.09416256412563,0.0267160417516682,-0.122716269671908,2.41324923587156,0.50300720255607,1.31124724808266,1994-01-01
14034476812,6541019654,6013399795,4965565954,56137907246,38617921843,56137907246,228456668,365841101,1214380339,2401375334,4210053443,-0.0988781497143737,-0.123027996019457,0.781672198141468,1.57262602666076,1.0,1.0,1.0,1.0,1.0,1.0,1.0,1.0,1.0,1.0,0.632947360913282,-0.276100311636407,-0.810422544479949,1.75774482475495,1.18624305415546,-0.0425493505260102,-0.28414224735889,2.46300290298222,1.22240747129222,1.48784436601204,1994-02-01
13333238610,6544020107,5428028477,6810979025,53332954441,34549926833,53332954441,125989793,247330956,1390261018,959531443,2723113210,-0.441977931326493,-0.282269189357191,0.703339011271397,-0.384090868214217,1.0,1.0,1.0,1.0,1.0,1.0,1.0,1.0,1.0,1.0,0.57378966794553,-0.711166897174572,-0.922424747763389,1.46349695511899,0.852202413901404,-0.180769851422949,-0.351493353722574,2.52404191570383,0.719521590942123,1.06830010848001,1994-03-01
6476650056,2071183284,2228334408,7787695752,25906600224,13819386780,25906600224,20643414,70141594,1352889216,100765555,1544439779,-0.855470586313825,-0.464034777078394,0.58082339609419,-0.885339309093508,1.0,1.0,1.0,1.0,1.0,0.2,0.84,1.0,1.0,1.0,0.286716737014524,-0.93551689408906,-0.98534601499453,1.01537663909828,0.387965883649468,-0.268802693738474,-0.388967413755104,2.64391368858763,0.450682411598363,0.742985459028519,1994-04-01
4521546205,1049900548,1285270081,7620159935,18086184821,8130854257,18086184821,1103501,16687289,1351349222,22289752,1391429764,-0.891199599575524,-0.41179686501435,0.497556498271603,-0.907135463596497,1.0,1.0,1.0,1.0,1.0,0.0,0.0,1.0,1.0,1.0,0.205161642175737,-0.987174309200372,-1.05142142768923,0.864879941659432,0.211504093837076,-0.28529107095634,-0.389152809896225,2.70662139961774,0.403882587751386,0.679666138482157,1994-05-01
3283397775,759219048,813490560,6124366800,13133591100,5436514692,13133591100,0,376877,1221754752,6005768,1228137396,-1.0,-0.824323671228192,0.468124338129945,-0.922690616787897,1.0,0.0,1.0,1.0,1.0,0.0,0.0,1.0,0.0,1.0,0.0551899329248168,-1.06801735771922,-1.13427679408811,0.569587563898119,-0.0409599677623735,-0.325375777278398,-0.374823622818641,2.05005143392155,0.261506852105289,0.50850197370482,1994-06-01
2753691442,639217291,582078258,5430189555,11014765769,4363280665,11014765769,0,0,1186466918,496468,1186963387,0.0,-1.0,0.47104647931074,-0.977145965812653,1.0,0.0,0.0,0.0,0.0,0.0,0.0,1.0,0.0,1.0,0.116017475246429,-0.993379003470592,-1.1405772615204,0.399705707798781,-0.148959078653448,-0.307169559052922,-0.421221305781793,1.8262219107631,0.276660828284369,0.61893428176293,1994-07-01
2260121903,503780368,437548334,4610765104,9040487611,3488393804,9040487611,0,0,1101861619,0,1101861619,0.0,0.0,0.476079864426989,-1.0,0.0,0.0,0.0,0.0,0.0,0.0,0.04,1.0,0.0,1.0,-0.248416718072564,-1.25375888543593,-1.18981510243298,-0.273761779530576,-0.735329136976002,-0.48046206078607,-0.409523859749193,1.59708687700338,-0.444882850056767,0.286242963022985,1994-08-01
1752636649,368529966,309072888,3751496478,7010546598,2581447266,7010546598,0,0,985633920,0,985633920,0.0,0.0,0.498622452567986,-1.0,0.04,0.0,0.0,0.0,0.0,0.32,0.24,1.0,0.56,1.0,-0.647788890326285,-1.39260402649992,-1.20159118075768,-0.798032373967829,-1.15208772357194,-0.268851765843996,-0.496954946398356,1.41377999890028,-1.0442811462932,0.541064502757681,1994-09-01
1479573423,278804979,227620699,3384373007,5918293694,2027495009,5918293694,0,0,936486490,2368456,938854945,-1.0,-1.0,0.52918228244999,0.518995972473282,0.4,0.28,0.28,0.68,0.56,0.8,0.76,1.0,0.96,1.0,-0.522560685735876,-1.35510986754104,-1.22658328451657,-0.564473996880636,-1.07712232677467,-0.617057672537574,-0.282637961623654,1.32701571857564,-0.95528928954553,1.05178969432232,1994-10-01
1283549173,195549903,170385633,3024323703,5134196691,1743937452,5134196691,323274,0,827127936,9273347,836724557,-0.941541771947435,-1.0,0.509988687107525,-0.493693958880536,0.96,0.96,0.92,1.0,1.0,1.0,1.0,1.0,1.0,1.0,-0.392209536184531,-1.32423332581504,-1.2774683206216,-0.231263512309855,-0.972001228453111,-2.21613653377592,-0.62337907772361,1.29557710353406,-1.19961435898116,1.20910134445253,1994-11-01
1773285449,188613151,172712021,3659998558,7093141797,3071818067,7093141797,63884983,48613067,863548301,109948856,1085995206,-0.361280406414194,-0.377029777462167,0.464394921905571,-0.44287340579469,1.0,1.0,1.0,1.0,1.0,1.0,1.0,1.0,1.0,1.0,-0.44979104717186,-1.55606299514494,-1.26190528493383,-0.266650778382112,-0.950441554932837,-0.522027661001551,0.193984520686157,1.29208062214065,-0.839280224772221,1.25004870464573,1994-12-01
2566383327,325664257,1188777094,4547955006,10265533310,4203136953,10265533310,176724046,328485404,969462950,134311046,1608983447,-0.549720430051532,-0.534885099508754,0.374183012262263,-0.8379124108702,1.0,1.0,1.0,1.0,1.0,1.0,1.0,1.0,1.0,1.0,-1.72184033756498,-1.35764486659383,-1.47117701474193,-1.01993539861497,-1.7265522880473,-0.381470184452109,0.00225785293437477,1.24266747444149,-0.777828120033467,0.237429556863913,1995-01-01
4836239566,1328139338,5472884239,5635732082,19344958265,6908202605,19344958265,157285740,292089370,850793933,230813937,1530982979,-0.379603940820225,-0.299821153939833,0.248238173401087,-0.752725893278796,1.0,1.0,1.0,1.0,1.0,1.0,1.0,1.0,1.0,1.0,-1.65788052203084,-0.635910852485658,-1.13314181036657,-1.62335401637782,-1.75584340657958,-0.531447718488687,-0.287965195957802,1.22376709216427,-1.11185344362717,-0.121331138519983,1995-02-01
9519541673,3694350712,6422304571,8016222029,38078166692,19945289380,38078166692,122294673,180729861,981183629,601204378,1885412540,-0.458344009957549,-0.475539204317145,0.202139980189482,-0.614095745524988,1.0,1.0,1.0,1.0,1.0,1.0,1.0,1.0,1.0,1.0,-1.45018072049261,-0.78302852904742,-0.726786623330012,-1.57311348295913,-1.62019830364547,-0.607396606152294,-0.434306581802843,1.1953037156877,-0.801876382166349,-0.397254938147546,1995-03-01
6013193814,1591722576,2573926092,8300335572,24052775256,11586791016,24052775256,54536717,95462323,947386368,316602432,1413987840,-0.618175569452281,-0.270554278731095,0.107001606608342,-0.639739457359773,1.0,1.0,1.0,1.0,1.0,0.24,1.0,1.0,1.0,1.0,-1.49863346057055,-0.901340191167049,-0.645279786270911,-1.67330105708902,-1.67670310667996,-0.57590917457123,-0.438064127155718,1.15404612269942,-0.849827363389607,-0.510191345529328,1995-04-01
4194630327,771194725,1294788110,7891246156,16778521307,6821292316,16778521307,2340493,21482054,922162406,139004675,1084989628,-0.769237519643388,-0.242788254842495,0.0219344350629483,-0.420872663904097,0.0,1.0,1.0,1.0,1.0,0.0,0.0,1.0,1.0,1.0,-1.50140853447524,-0.916252204171592,-0.630640244676968,-1.73872695641209,-1.69796667073589,-0.572175761949076,-0.431847001750528,1.0632634289165,-0.82366085183625,-0.557557401782584,1995-05-01
2847660300,466506108,755929044,6404741496,11390641200,3763464552,11390641200,0,1335398,851337216,95704934,948377549,-1.0,-0.377521013870456,0.023011275151062,0.231963979135938,0.0,0.0,1.0,0.0,0.0,0.0,0.0,1.0,1.0,1.0,-1.5179218157112,-0.973061881369858,-0.693467359655754,-1.78809878358766,-1.71197956427952,-0.534946547463397,-0.456642046628415,0.62934365108378,-0.874708665699207,-0.652845936261532,1995-06-01
2353813981,362001272,531050720,5663981065,9415255923,2858222866,9415255923,0,0,821336717,18774084,840110801,0.0,-1.0,0.0183381153236222,-0.135768335163163,0.0,0.0,0.0,0.0,0.0,0.0,0.0,1.0,0.0,1.0,-1.45975324982106,-0.90949348295035,-0.742630100619212,-1.72889378839035,-1.65307722322555,-0.433564731558361,-0.757243137396872,0.433551037122499,-0.621041769267786,-0.464783444564535,1995-07-01
1933412554,267608932,397611382,4801823690,7733650216,2266606211,7733650216,0,0,760537037,688456,761225493,0.0,0.0,0.0188333876140585,-0.701070289883596,0.0,0.0,0.0,0.0,0.0,0.0,0.0,1.0,0.16,1.0,-1.17988867389812,-1.02969597658699,-0.831076300715523,-1.35491277813764,-1.44015891229423,-0.32918599314069,-0.558214987641335,0.310550208047068,-0.385024618151687,-0.328910051771084,1995-08-01
1511755596,180819864,281590452,3883501125,6047022384,1701110943,6047022384,0,0,667025280,0,667025280,0.0,0.0,0.0141889810756995,-1.0,0.0,0.0,0.0,0.04,0.0,0.28,0.04,1.0,0.6,0.4,-1.32131514938385,-1.32753130186673,-0.955589932859253,-1.56331080776453,-1.57193839027616,0.0911136464254542,-0.145616090318913,0.216016900836954,-0.202422536681092,-0.125908630082727,1995-09-01
1279695145,122882983,199249663,3425879948,5118780580,1370767985,5118780580,0,0,619374643,709562,620084205,-1.0,-1.0,0.0113725516582447,-0.544926479138257,0.12,0.24,0.08,0.76,0.6,0.96,0.6,0.96,1.0,1.0,-1.68960291330591,-1.49691447987053,-1.01905325882538,-1.75445795123991,-1.70765351616562,-0.34987303560938,-0.021281268287601,0.169377860561457,0.195256624355838,0.111723836068693,1995-10-01
1132025517,78800202,134298135,3046032945,4528102068,1268970786,4528102068,686465,0,542484864,15796063,558967392,-0.875865321380361,-1.0,-0.00965017391570223,-0.137566796485826,1.0,0.92,0.64,1.0,1.0,1.0,1.0,1.0,1.0,1.0,-2.04832792995244,-1.58996873073891,-1.07483523999609,-1.8676403621038,-1.7946548143437,-1.74901990866058,-0.134354799207244,0.159332649182734,0.396566284648855,0.15910551275322,1995-11-01
1346038185,117962539,168095324,3265867506,5384152741,1832227373,5384152741,104843290,7862282,566824435,73575327,753105334,0.0482191694137328,-0.899245857857809,-0.038785874802947,-0.627183285644685,1.0,1.0,1.0,1.0,1.0,1.0,1.0,1.0,1.0,1.0,-2.09072062771506,-1.82002560913876,-1.1981624280111,-1.84416759337479,-1.87069842753098,0.206459528666854,-0.630435971335836,0.133289757917699,-0.981550701286801,-0.0344441821894923,1995-12-01
2698878405,1176624301,1875917155,4049844030,10795513619,3693128134,10795513619,220885505,344199041,682724160,155933234,1403741940,-0.437200355404355,-0.512635566735406,-0.0322601370728738,-0.811818591033582,1.0,1.0,1.0,1.0,1.0,1.0,1.0,1.0,1.0,1.0,-1.63270179951144,-1.00423207088411,-1.64673168210927,-2.03959127598766,-2.34394457915496,-0.120117474356549,-0.0352204188596193,0.0391745705716226,-0.80083270026304,-0.506513221781552,1996-01-01
6326486023,3290783474,5356264498,4787518250,25305944092,11871377870,25305944092,230703621,593326080,690042240,312981512,1827053453,-0.121394077295456,0.37324082515072,-0.0225179622767617,-0.676260769002943,1.0,1.0,1.0,1.0,1.0,1.0,1.0,1.0,1.0,1.0,-0.706943026107471,-0.583405814814462,-1.67065311956169,-1.5012135202971,-1.63630801303987,-0.167536280122153,0.043735008644737,0.0289969109504488,-1.00312386863744,-0.55891798925219,1996-02-01
12434702984,5436181638,9197028094,7519867916,49738811936,27585734288,49738811936,290066435,498064550,876886733,1772875814,3437893532,0.284734799954738,0.445335755726426,0.0743560824448723,0.137982930470285,1.0,1.0,1.0,1.0,1.0,1.0,1.0,1.0,1.0,1.0,-0.429939169349437,-0.319400911245723,-1.22722856726821,-0.984794047415243,-1.06571062645491,-0.0163475804840854,0.175563839945466,0.0904176286847496,-0.113996438552372,-0.211240378738947,1996-03-01
7471941579,2689642260,4809362580,8900624196,29887766316,13488137280,29887766316,31800730,116998733,866433024,277114867,1292347354,-0.777355583852785,-0.105990487408922,0.0124092788155084,-0.684672187132326,1.0,1.0,1.0,1.0,1.0,0.28,1.0,0.96,1.0,0.96,-0.415959571399408,-0.234442512867797,-0.933325633883378,-1.05897429803389,-1.0252670668866,-0.109673426364368,0.162758545717304,0.138961235727579,-0.271585537771304,-0.300819511072227,1996-04-01
5018100333,1224267401,2124124873,8753283616,20072401333,7970725444,20072401333,4796264,26593834,890128742,64081256,985600096,-0.527109094543404,-0.0626053032151613,-0.0135650649119362,-0.733021878486395,1.0,1.0,1.0,1.0,1.0,0.0,0.0,1.0,1.0,1.0,-0.389256428947035,-0.198137172265714,-0.76033758152738,-1.08469397624986,-0.992936002617466,-0.10658825603337,0.164949682362379,0.205235547887557,-0.299132036400955,-0.303550033458691,1996-05-01
3434079996,744104232,1175723532,7439008464,13736319984,4377483756,13736319984,284187,1952294,830539008,20001635,852777124,-0.734845891685146,-0.089962786582351,-0.00198093814240336,-0.742528497028461,1.0,1.0,1.0,0.0,1.0,0.0,0.0,1.0,0.6,1.0,-0.447408697636807,-0.248908717515913,-0.64174018564416,-1.09830346974207,-0.971517399961165,-0.0912844095649559,0.201625866160178,0.103280568069338,-0.370976575188232,-0.349192434951285,1996-06-01
2777848643,600428367,848632235,6446720977,11111394573,3215612993,11111394573,0,0,801334426,4986645,806321071,0.0,-1.0,-0.00646181764677016,-0.7704486358977,0.0,1.0,1.0,0.0,0.0,0.0,0.0,1.0,0.0,1.0,-0.431181741093912,-0.187641976802893,-0.542087617567124,-0.979495355077117,-0.861977954251577,0.0919741400860298,0.790957850641901,0.119860534962604,-0.142132300187895,-0.104086085844003,1996-07-01
2247377001,470332118,635616684,5412680185,8989508005,2470879019,8989508005,0,0,734577984,0,734577984,0.0,0.0,-0.0159419729847592,-1.0,0.0,0.0,0.0,0.0,0.0,0.0,0.0,1.0,0.08,0.88,-0.317815686850604,0.0174268331513274,-0.398494243635884,-0.749715611797414,-0.645592829645881,0.180462604206494,0.603186431144968,0.128802173153554,0.0953261034945142,0.00398162763489414,1996-08-01
1741937454,341778744,463767822,4409013870,6967749816,1753189380,6967749816,0,0,650509056,0,650509056,0.0,0.0,-0.0109233690735751,-1.0,0.0,0.0,0.0,0.04,0.0,0.16,0.04,0.92,0.44,0.2,-0.426111375879231,-0.116695370466833,-0.322176910093973,-1.17398199429674,-0.855185334121797,-0.0818724552129438,0.113006101446791,0.0942793361240039,-0.485826673374595,-0.29767536162292,1996-09-01
1444537845,254950284,344253301,3829672714,5778151380,1349275081,5778151380,0,0,597347482,148383,597495865,-1.0,-1.0,-0.0245954474805042,-0.904835146248903,0.16,0.16,0.0,0.68,0.52,0.88,0.44,0.84,1.0,0.96,-0.49865544125265,-0.174851660199233,-0.297778301864896,-1.33840920371516,-0.888515674149609,0.00134844043218287,0.202849981952115,0.0841172016467812,-0.454611713621418,-0.0541107449173343,1996-10-01
1219239365,172997316,234115272,3374540217,4876957458,1095304653,4876957458,346913,0,522630144,1671529,524648586,-0.937267084328453,-1.0,-0.0458965649282862,-0.908737886061045,0.92,1.0,0.88,1.0,1.0,1.0,1.0,1.0,1.0,1.0,-0.56745583615303,-0.239987174719444,-0.288865912174029,-1.5719616348917,-0.948053589584805,-1.8045992937253,0.0803355637282181,0.0773528907891328,-0.948540047769974,0.011050944124941,1996-11-01
1671970122,264587446,235291916,3600392942,6687880486,2587608183,6687880486,214713400,12400992,549072000,185786680,961973073,1.14669630268286,-0.841082877484007,-0.0688902429480227,-0.0585922898857372,1.0,1.0,1.0,1.0,1.0,1.0,1.0,1.0,1.0,1.0,-0.540418553887486,-0.536186086706023,-0.401710095175326,-1.49928673127123,-1.05119675426537,1.48712421832412,-0.45535774634195,0.0481948361905326,-0.177653524074265,0.0201307232960702,1996-12-01
5172218664,2991980097,2134022175,4663912763,20688874655,10898959621,20688874655,260584750,459259891,673092634,280980230,1673917505,-0.336049667242027,-0.349716560036065,-0.0459125205451608,-0.660910927586433,1.0,1.0,1.0,1.0,1.0,1.0,1.0,1.0,1.0,1.0,0.60030122547336,-0.460063581193199,-0.681634935064965,-0.508604263067298,-0.649744812470629,0.239232466718222,0.12940829963428,-0.0450993395241191,-0.35496974227982,-0.337834690427763,1997-01-01
11598995696,6630555859,6425713426,5233220546,46395982786,28106492954,46395982786,405148262,646748928,643226573,1112677171,2807800934,0.598062139285882,0.550347137651155,-0.0562932675453684,0.192026173041213,1.0,1.0,1.0,1.0,1.0,1.0,1.0,1.0,1.0,1.0,0.824360948215135,-0.178886069099322,-0.820732474091203,0.407717397817408,0.188898216819425,0.444624746199712,0.239294838289245,-0.0602135642019844,0.0865792192876214,-0.0064813080197372,1997-02-01
15957775428,8632397491,10798913066,7919073281,63831101713,36480717875,63831101713,248200900,347870592,768411533,656015155,2020498180,0.0993079357431477,0.00948723329039261,-0.0585470469505232,-0.578913512901598,1.0,1.0,1.0,1.0,1.0,1.0,1.0,1.0,1.0,1.0,1.03905325830187,0.155476113226643,-0.663320016046364,0.622620756167704,0.509266122419796,0.415938796535394,0.218845676410054,-0.0794431359634145,-0.112881055593244,-0.168250566668836,1997-03-01
10536584031,4335031332,5050031832,8336798640,42146336124,24424474320,42146336124,896199552,371720794,762265728,3232379520,5262565594,5.27450465810807,1.8403891012596,-0.1093080774005,2.67811072245446,1.0,1.0,1.0,1.0,1.0,1.0,1.0,1.0,1.0,1.0,0.992532713510235,0.157655931202465,-0.658437320819579,0.677017614527612,0.52471238658039,1.07640092010544,0.405143377260593,-0.119524629463612,0.633026196476172,0.586134023599747,1997-04-01
5989554618,1668001946,2153123129,8725232174,23958218473,11411861224,23958218473,33199304,59411197,876265344,297880934,1266756780,2.27330758092588,1.09415995631006,-0.0289283936636087,0.241044537235096,1.0,1.0,1.0,1.0,1.0,0.16,1.0,1.0,1.0,1.0,0.972773624502567,0.157720951216588,-0.582639412932795,0.680310676976834,0.510884243483203,1.09230635805075,0.427844547814336,-0.057493606018602,0.660793949377643,0.636654010468394,1997-05-01
3789134208,971701056,1123641180,7055821008,15156536832,6005373588,15156536832,6703741,4056998,798294528,103627123,912682391,5.25477356272231,0.8911182241653,-0.0407275898585935,0.333942537490335,1.0,1.0,1.0,1.0,1.0,0.0,0.0,1.0,1.0,1.0,0.803717912332454,0.0752256863726853,-0.561208452545724,0.565990913205233,0.389674093661274,1.11076849940881,0.468413874580654,-0.125935097482255,0.577987299877174,0.536963663224712,1997-06-01
3126362972,818075263,893953665,6257247111,12505451888,4536175849,12505451888,0,34176,777239539,29046712,806320428,0.0,12.0,-0.0363359736459202,0.337113886248049,1.0,1.0,1.0,1.0,1.0,0.0,0.0,1.0,0.36,1.0,0.743319988598966,0.134308563163049,-0.556021870345536,0.556276135166525,0.372607016800264,1.60116139684764,1.20330263684463,-0.101810704187207,0.755451846341562,0.76055134692087,1997-07-01
2558832137,666054914,714860998,5236419870,10235328547,3617992764,10235328547,0,0,712668672,4303760,716972432,0.0,0.0,-0.0452922051038603,0.868706097896993,1.0,0.0,0.0,0.0,0.0,0.0,0.0,1.0,0.08,0.12,0.629001702117783,0.264884884104838,-0.518246928553255,0.391450030445759,0.25489722525084,1.73455498962844,0.971419081157922,-0.0746368174481099,0.81666666083921,0.735958392035159,1997-08-01
2003280127,504840465,534692826,4272289299,8013120507,2701297917,8013120507,0,0,632603520,3026523,635630043,0.0,0.0,-0.0381481203025754,2.78174516174038,0.0,0.0,0.0,0.0,0.0,0.32,0.12,0.76,0.68,0.32,0.360786544085786,-0.0187409133766764,-0.530498482420807,0.260158080440265,0.0147078839180189,1.97789545255183,1.83419375047422,-0.0429980059602386,1.5411016103051,1.26849201842827,1997-09-01
1716715695,403251478,428222843,3882043916,6866862781,2153344543,6866862781,143455,22713,597711744,5219130,603097042,12.0,2.47103274559194,-0.0240006459383264,2.34726054186619,0.56,0.44,0.28,0.68,0.64,0.96,0.68,0.8,1.0,0.92,0.357443088077313,-0.041619341511523,-0.441349471631608,0.0465834833434055,-0.158355184983484,1.5594418140623,1.18849802946135,0.014362107654715,0.623138535667176,0.121195928117441,1997-10-01
1451476476,284348367,315225108,3577243554,5805905904,1629088875,5805905904,4173120,3297024,537808896,6999022,552278062,-0.245367646210469,2.51324477984856,-0.018186530232504,-0.617867493886423,0.92,1.0,1.0,1.0,1.0,1.0,1.0,1.0,1.0,1.0,0.485978590679577,0.00642545375586527,-0.418644688577452,-0.00924373669445638,-0.189644726654241,0.950497059533907,1.18123027772503,0.023712748476524,0.551234068410268,0.0514269162361425,1997-11-01
1909711197,399944547,748613442,4279126258,7638844788,2211160541,7638844788,27391783,244012954,587865946,65842679,925113360,-0.726138013793667,2.12699471483736,-0.00310393211318932,-0.666365719896759,1.0,1.0,1.0,1.0,1.0,1.0,1.0,1.0,1.0,1.0,0.566615753872317,0.292522586483388,-0.292097520935235,-0.364964785507682,-0.249352202297478,-1.38195583327967,1.41013617868757,0.0414512014408779,-0.92600521682154,-0.00635871708150974,1997-12-01
6754003486,2274354823,6290697342,7223161126,27016013945,11227800655,27016013945,104107908,150080394,675824602,257772430,1187785334,-0.734740884868148,-0.78749549675996,-0.042040042474601,-0.688918276972064,1.0,1.0,1.0,1.0,1.0,1.0,1.0,1.0,1.0,1.0,0.630797200365489,1.38832546648464,0.315571331382537,0.0192111069523649,0.507828220458092,-0.817624953129616,0.0315162005019503,-0.0321859758394136,-0.580862509175101,-0.573531115488452,1998-01-01
14660325313,6287258981,13911156907,10041634462,58641301253,28401250903,58641301253,95730744,167021568,656735386,95241969,1014729666,-0.622400756851324,-0.599626070234773,-0.036473878661394,-0.897965984807247,1.0,1.0,1.0,1.0,1.0,0.96,1.0,1.0,1.0,1.0,0.719095916719535,1.53872306315769,1.38469147922818,0.555058304277424,1.11486806266984,-1.06958510681213,-0.453269028118483,-0.017142357912159,-1.22813626360761,-0.936770076338853,1998-02-01
15205278934,5872766418,11375120551,13267742216,60821115737,30305486552,60821115737,93317599,73555078,722385907,131885487,1021144071,-0.586686523362644,-0.786550189124304,-0.114937352519177,-0.915344643898124,1.0,1.0,1.0,1.0,1.0,0.4,0.88,1.0,1.0,1.0,0.555544315762581,1.59663359073541,1.7723576009189,0.444000381877157,1.0316389782912,-1.11953082065224,-0.739289172801274,-0.0570256188715216,-1.30613864565762,-1.26217311029345,1998-03-01
12251388456,3797305812,6202249164,13298732928,49005553824,25707265920,49005553824,13251237,14581970,667948032,56480302,752261541,-0.907224960278562,-0.888576401565975,-0.219516377340485,-0.935731307724684,1.0,1.0,1.0,1.0,1.0,0.08,0.16,1.0,0.56,0.96,0.511751909345553,1.44406302926024,1.83675240524397,0.549448436465464,1.0653640719309,-1.10212906701054,-0.841943165887427,-0.185099862994273,-1.50476006264763,-1.37835786549774,1998-04-01
7403775598,1582153758,2880054169,13007645806,29615102392,12145248659,29615102392,0,0,691862861,676028,692538889,-1.0,-1.0,-0.233282036997292,-0.997183502003326,1.0,1.0,1.0,1.0,1.0,0.0,0.0,1.0,0.0,0.8,0.497857145433217,1.41165707716711,1.87812079551569,0.565216335689721,1.09922888508156,-1.11054358411022,-0.864684464187212,-0.320520818016745,-1.56850268114646,-1.45702987770751,1998-05-01
4716623439,928257840,1534238442,10274810472,18866493756,6129187002,18866493756,0,0,617984640,0,617984640,-1.0,-1.0,-0.257397371207874,-1.0,1.0,1.0,1.0,1.0,1.0,0.0,0.0,1.0,0.0,0.0,0.350845412976948,1.25923428258778,2.02088693882425,0.47340059846518,0.972720917992712,-1.03409960240156,-1.28063592595549,-0.530301039400998,-1.6843869298062,-1.60360148350646,1998-06-01
3787199387,763504481,1170320184,8856624546,15148797547,4358348336,15148797547,0,0,600036595,0,600036595,0.0,-1.0,-0.256041860807298,-1.0,1.0,1.0,1.0,0.68,1.0,0.0,0.0,0.0,0.0,0.0,0.31595218870784,1.09862240584599,2.00431950176329,0.443189118914932,0.921001353344776,-0.91615632120017,-2.1675087849816,-0.617026990211035,-1.68881110159752,-1.42147711797888,1998-07-01
3096547735,620296515,944014635,7372908405,12386190938,3448971383,12386190938,0,0,552361075,0,552361075,0.0,0.0,-0.260044050188511,-1.0,0.28,1.0,1.0,0.0,1.0,0.0,0.0,0.0,0.0,0.0,0.101330709645234,0.664632923193116,1.928412812762,0.231258268188964,0.681538115568384,-0.712965676196077,-1.95822765446835,-0.685397240960321,-1.47662737771833,-1.29258391082822,1998-08-01
2434062730,472899330,734093199,5911940250,9736250922,2617318143,9736250922,0,0,477633024,0,477633024,0.0,0.0,-0.273775425814948,-1.0,0.04,0.6,1.0,0.0,0.0,0.16,0.16,0.0,0.52,0.0,0.162532093726979,0.623387717940533,1.80452199723279,0.368215863327382,0.82670913682948,-0.427207135413204,-2.06182540379365,-0.705980881901673,-1.40553164834393,-1.11900357962406,1998-09-01
2058707646,374075834,592713794,5114318952,8234830582,2153722002,8234830582,0,0,434972160,0,434972160,-1.0,-1.0,-0.289736981987741,-1.0,0.4,0.4,0.8,0.84,0.88,0.64,0.32,0.0,1.0,0.6,0.193797285599633,0.894152798097668,1.78384018669591,0.102539863644072,0.957647157514358,-1.42607687227285,-1.42607687227285,-0.695882988483739,-2.19813027215669,-0.8503646511168,1998-10-01
1730967010,271418175,449100774,4387292613,6923868039,1816056477,6923868039,1299110,0,381604608,9480707,392384425,-0.765079667255085,-1.0,-0.303350043023935,-0.482372520605018,1.0,1.0,1.0,1.0,1.0,1.0,1.0,0.2,1.0,1.0,0.28930725793291,1.00475124631274,1.73639602661773,-0.0332564700565391,1.02489511776796,-1.29323654683968,-1.0200762327862,-0.705769916340364,-1.5712732272897,-0.776648581321327,1998-11-01
2259006516,285576114,429368333,4401045994,9036026066,3920035625,9036026066,109667624,10974476,399702989,152226328,672571417,0.0964526756457995,-0.859363495076236,-0.32218843285668,-0.228647398640202,1.0,1.0,1.0,1.0,1.0,1.0,1.0,0.4,1.0,1.0,0.266848059712578,0.858119934040884,1.68457594172422,-0.0334924144700334,0.873392739093756,0.287124286093003,-0.50390931632727,-0.736634303492891,-0.441109760075224,-0.926668030341856,1998-12-01
6489847458,1599673172,2345878481,4602268550,25959389832,17411569628,25959389832,261777174,326350184,510663744,444350845,1543141947,-0.333011461441874,-0.537908438897674,-0.276150324575575,-0.463754030694844,1.0,1.0,1.0,1.0,1.0,1.0,1.0,1.0,1.0,1.0,-0.0253000873006836,0.191371518343388,1.3031876887063,1.05558582581637,1.12107690040091,0.00181546431867432,-0.058196684164816,-0.86064618203747,-0.152188051464224,-0.846726885758794,1999-01-01
11834598409,5871564115,7661654935,5341556304,47338393637,28463618282,47338393637,190361042,408564173,515908915,516654029,1631488159,-0.249142099029857,-0.0206148500221528,-0.243086748595835,-0.446501518430013,1.0,1.0,1.0,1.0,1.0,1.0,1.0,1.0,1.0,1.0,0.440618664818797,0.229944332826654,0.436031964614889,0.980984730273319,0.825333569166713,-0.145977858703638,-0.175717841499717,-0.887336075260786,-0.324982211244992,-0.814544540918164,1999-02-01
11107375634,5565314221,7895144567,6948049270,44429502535,24020994478,44429502535,102261312,252021370,653443891,122808925,1130535498,-0.547073874939317,-0.268658055672727,-0.199404674757139,-0.921170755602295,1.0,1.0,1.0,1.0,1.0,0.96,1.0,1.0,1.0,1.0,0.308841659126527,0.0720291021707676,-0.236551775829952,0.518388999595755,0.338125097465286,-0.313943461080963,-0.249296698384438,-0.887636211886068,-0.670130439228436,-1.05754073693154,1999-03-01
12032052201,4994877852,7144283484,9822240792,48128208804,26166806676,48128208804,31395963,204664320,878045184,680887296,1794992763,-0.78018945122576,0.563878895002736,0.0259778504251361,-0.225221280884547,1.0,1.0,1.0,1.0,1.0,0.12,1.0,1.0,1.0,1.0,0.470566246277033,0.283371636055303,-0.292852708038959,0.624271881389862,0.471223269762667,-0.367387129515701,-0.150235742816958,-0.691608548333865,-0.545833423790703,-0.824642004317393,1999-04-01
7222399679,2015776228,3477084260,10836838652,28889598715,12559899575,28889598715,131349,48631173,1025784346,126907949,1201454816,-0.987049583405786,0.714179477347463,0.136767600199097,-0.47127057021226,1.0,1.0,1.0,1.0,1.0,0.0,0.04,1.0,1.0,1.0,0.511093077166902,0.374786000216372,-0.156327704928031,0.642473066975974,0.518393853519313,-0.370246600406663,-0.122584515074223,-0.347478275062501,-0.538915398529584,-0.715849663670468,1999-05-01
4455923427,1047014208,1523682144,8740159416,17823693708,6512837940,17823693708,0,4416457,930610944,51287386,986314787,-1.0,1.05867526181368,0.118270728212795,-0.339801943971081,1.0,1.0,1.0,1.0,1.0,0.0,0.0,1.0,0.08,1.0,0.388001017122649,0.299172864599445,-0.0537232125911125,0.50844243845543,0.403933476959922,-0.394548309459463,-0.09263145308089,-0.135725762789385,-0.63316368875426,-0.692881851707414,1999-06-01
3603371337,851792692,1064487839,7622962490,14413485346,4874242325,14413485346,0,0,906038438,11016688,917055126,0.0,-1.0,0.123355935389998,-0.49286631820227,1.0,1.0,1.0,1.0,1.0,0.0,0.0,1.0,0.0,1.0,0.443877545317015,0.367512347608384,0.0978654612996209,0.309966811464407,0.322697977240556,-0.461059553029452,0.143279575681951,0.0961376771614206,-0.54002701891125,-0.469335456138367,1999-07-01
2954475522,696975089,830148206,6385030004,11817902088,3905748788,11817902088,0,0,842785344,0,842785344,0.0,0.0,0.129015163642586,-1.0,1.0,1.0,1.0,0.0,0.0,0.0,0.0,1.0,0.04,1.0,0.357049520443868,0.419472165102908,0.299191432863437,0.0774470261976947,0.205587308107007,-0.550795954531396,0.228420037180945,0.281343433364748,-0.496113988416083,-0.343065089853778,1999-08-01
2318513355,535409838,638940420,5111728938,9274053420,2987974224,9274053420,0,0,743821056,0,743821056,0.0,0.0,0.130954315385604,-1.0,0.0,0.08,0.4,0.04,0.0,0.12,0.12,1.0,0.6,1.0,0.631659290101518,0.857458361589788,0.612286295269375,0.526842952561969,0.676717532659688,-0.138428382534055,0.92490078021057,0.427202427154348,0.106327192648068,0.189131578416157,1999-09-01
1976734509,425512609,513667430,4499764508,7906938036,2467993489,7906938036,0,0,698333875,0,698333875,-1.0,-1.0,0.140304533006776,-1.0,0.52,0.6,0.76,0.92,0.92,0.92,0.76,1.0,1.0,1.0,0.645236234265623,0.972978878558407,0.767494569681453,0.417168095305779,0.71984753596926,-1.09832703273129,0.939139039890329,0.469922455152177,-0.0103796558742803,0.360995657052941,1999-10-01
1756956859,327558654,424955997,4177127286,7027827435,2098185498,7027827435,9817148,6324998,639042048,9039341,664223535,0.775251520081225,5.739795528134,0.166622744883355,-0.506470201974459,1.0,1.0,1.0,1.0,1.0,1.0,1.0,1.0,1.0,1.0,0.692008447049965,0.72451207820303,0.797302418187438,0.454768605440752,0.749620569338654,0.786722665872498,1.61452434795249,0.4713671562726,-0.195753092445494,0.437713693031599,1999-11-01
1905000617,289126500,383893454,3896090087,7620002467,3050892426,7620002467,5698028,4011922,658961395,83711035,752382380,-0.943031334022819,-0.948587736614632,0.11745888442919,-0.575824199870303,1.0,1.0,1.0,1.0,1.0,1.0,1.0,1.0,1.0,1.0,0.618659829506196,0.48499628129772,0.723318121004122,0.201745235137608,0.522660723699135,-2.09384593549559,-0.519402929302225,0.472360522635414,-1.05496634340417,0.27307245589422,1999-12-01
4244975709,405378602,486817698,4127407871,16979902837,11960298666,16979902837,65207898,177912184,706572634,391134252,1340826967,-0.833855183518423,-0.748087413144631,0.00154431855483551,-0.527976219720931,1.0,1.0,1.0,1.0,1.0,1.0,1.0,1.0,1.0,1.0,-0.830908034859769,-0.86164659731312,0.247511886684873,0.433747066883102,0.0424358724715911,-1.16118897086821,-0.347081423556578,0.363888480273412,-0.33010784361356,-0.378611334966335,2000-01-01
7726349553,1831090914,2183216767,4741222383,30905398211,22149868147,30905398211,122541880,333172639,670137754,1595846707,2721698980,-0.533314556113962,-0.228878883406751,-0.0507137404455103,0.65069873618074,1.0,1.0,1.0,1.0,1.0,1.0,1.0,1.0,1.0,1.0,-1.15433360049445,-1.46020677890434,-0.473062185256489,0.262750809565168,-0.44210896362164,-1.18962478123215,-0.511286119687264,0.298013179266984,0.400006949839262,-0.140362189395751,2000-02-01
14365887081,5517181030,6943871077,6468079208,57463548325,38534417010,57463548325,174249204,478630080,770050714,7517840256,8940770254,-0.228231914528604,0.388938778788059,-0.0565387329952149,3.82559117555885,1.0,1.0,1.0,1.0,1.0,1.0,1.0,1.0,1.0,1.0,-0.750417491198262,-1.3382405530027,-0.846252952047827,0.556238040303222,-0.158366797633995,-0.97271900685137,-0.269504289429868,0.225023065172169,1.74525108267102,1.25616178143015,2000-03-01
12420162972,4065117300,5503714236,8152512408,49680651888,31959307944,49680651888,48266150,166619981,776459520,950558976,1941904627,-0.662077285312295,0.273174881967121,-0.0927229215669464,0.0816369613525235,1.0,1.0,1.0,1.0,1.0,0.56,1.0,1.0,1.0,1.0,-0.481582429424906,-0.95696050584056,-0.932970735762354,0.830196721740167,0.131780848006366,-0.890321043840643,-0.207139027947487,0.134313088443214,1.57493008867497,1.08484678173574,2000-04-01
6341327974,1494381809,1913443268,8088711977,25365311896,13868774842,25365311896,4998430,44827845,810066010,172646450,1032538735,-0.507176438659813,0.580117591011027,-0.102290069364215,-0.28071283253552,1.0,1.0,1.0,1.0,1.0,0.0,0.0,1.0,1.0,1.0,-0.448141959879452,-0.922457170260314,-0.997352170833427,0.866343401886289,0.131528417145792,-0.899991847037483,-0.187959088955593,0.0344939401947701,1.5644312426137,1.06785467842479,2000-05-01
3855699009,832362480,943832628,6593087556,15422796036,7053513372,15422796036,13375,3556120,736107264,82766707,822443466,-0.987521021534981,0.657640275252891,-0.115455055129882,0.0654163505919618,1.0,1.0,1.0,1.0,1.0,0.0,0.0,1.0,1.0,1.0,-0.511891382152486,-0.980987719892702,-1.04824699729614,0.755139507829843,0.0330399643578531,-0.759434897526255,-0.153381524217794,-0.186246123773515,1.48490649699981,0.976858263775644,2000-06-01
3137242368,692012740,735954124,5809170154,12548969471,5311832454,12548969471,0,0,710890214,23245191,734135405,0.0,-1.0,-0.118599489921036,0.0700511315482184,1.0,0.0,0.0,1.0,1.0,0.0,0.0,1.0,0.0,0.24,-0.37384168778567,-0.804343877831653,-1.02445323395633,0.748200447781883,0.072905753755008,-0.419350123208604,0.334576663830905,-0.231048561471825,1.61810807421244,1.25925270801638,2000-07-01
2586697652,550299321,575261116,4931866818,10346790609,4289363354,10346790609,0,0,673039066,1084538,674123603,0.0,0.0,-0.0983809623696573,-0.529090343058145,0.0,0.0,0.0,0.2,0.0,0.0,0.0,0.84,0.08,0.0,0.0351490103262363,-0.277249664328075,-0.965433044072635,0.902679348493164,0.332682174806779,-0.137837145097454,0.737536780407792,-0.224897562049893,1.69108311033555,1.35475910225809,2000-08-01
2032373660,405637254,420538824,3966372684,8129494638,3336945876,8129494638,0,0,577310976,3976128,581287104,0.0,0.0,-0.12221853043822,3.96830964861579,0.0,0.0,0.0,0.24,0.04,0.24,0.08,0.0,0.76,0.08,0.13215331146408,-0.105061802857985,-0.868017533524245,1.03603168131171,0.36858897421987,0.0632969253312044,0.648905108053968,-0.224007363863316,0.391803840033201,-0.0921147068877329,2000-09-01
1696872427,303555766,316546955,3474255368,6787489708,2693131618,6787489708,0,62353,530880307,0,530942660,-1.0,8.52896725440806,-0.133129234764939,-1.0,0.52,0.48,0.2,0.96,0.88,1.0,0.76,0.52,1.0,0.96,-0.0820330845044232,-0.557323575691334,-0.879047179285961,0.809716985395495,-0.0305688393627974,-0.00648779552145964,0.819340086743912,-0.219834352725063,0.271346169939111,-0.201682793777324,2000-10-01
1618979555,219390120,263139219,3578115330,6475918221,2415273552,6475918221,9574330,1133326,491463936,20141706,522313298,0.731342228837123,0.207650273224044,-0.102792988627413,0.099696585454216,1.0,1.0,1.0,1.0,1.0,1.0,1.0,0.96,1.0,1.0,-0.123289222153296,-0.625592715668583,-0.825682819030346,0.898872997822633,-0.0735900378239054,0.753922325160945,0.744131810571836,-0.208753048266636,0.391738816473246,-0.189751999273899,2000-11-01
2224207914,328785039,1110641331,4465579977,8896831655,2991825308,8896831655,70080015,145618180,571516992,160343273,947558460,-0.299342714556254,0.866078304557338,-0.0308282928792639,-0.187517677316772,1.0,1.0,1.0,1.0,1.0,1.0,1.0,1.0,1.0,1.0,-0.0563331237882182,0.0997010089595979,-0.621505612222592,0.546162088519737,-0.00815314284566854,-0.214497961845917,0.942413380903589,-0.169455282432181,-0.0440253842720583,-0.19763812924813,2000-12-01
6769540313,4932494010,5720696017,6361133486,27078161251,10063837737,27078161251,686688192,373615373,650272666,1972963008,3683539238,0.749629836125869,-0.47098387099955,-0.0782591020757183,1.38098671688256,1.0,1.0,1.0,1.0,1.0,1.0,1.0,1.0,1.0,1.0,1.92290789905272,1.19981941497609,-0.208380098447613,0.344139502257118,0.707543386503268,0.763520236762895,0.187996299821534,-0.226986005442662,1.12967249305841,0.367422618478971,2001-01-01
14821359424,9783463637,15116161284,8664427447,59285437697,25721385329,59285437697,805196851,690430003,656880538,1493972122,3646479514,2.17600918476734,0.655056750568897,-0.0362609196117811,0.600512634604064,1.0,1.0,1.0,1.0,1.0,1.0,1.0,1.0,1.0,1.0,1.78985133279514,1.62416045783817,0.688005135792209,0.480090835907351,1.21371334845827,1.34314234761383,0.325682549542135,-0.189904678606588,1.18984333606395,0.813982436814996,2001-02-01
21281911057,11338941337,15770318314,11162605860,85127644228,46855778717,85127644228,885854016,271034796,757205107,2954810880,4868904799,2.92354077010399,-0.213482909601878,-0.0722770887626301,0.896649678954457,1.0,1.0,1.0,1.0,1.0,1.0,1.0,1.0,1.0,1.0,2.00936326383577,2.05754393142549,1.03012466030084,0.995038894052859,1.68083653260691,1.73952471142524,0.235763147711939,-0.160771772914835,1.17787315123021,1.11886510419353,2001-03-01
14378979735,6672776436,8970661008,12236330664,57515918940,29636150832,57515918940,446995584,90270029,800274816,2601621504,3939161933,2.12952162016004,-0.310229585246666,-0.0648952349711296,1.96037389496593,1.0,1.0,1.0,1.0,1.0,1.0,1.0,1.0,1.0,1.0,2.01716438326731,2.03591592248918,1.20650403729158,1.09989523416233,1.74845029259272,1.69549570962875,0.198365811464708,-0.109839158539763,1.37298129516046,1.323290976411,2001-04-01
7821091773,2318759514,3176164904,11550649885,31284367092,14238792788,31284367092,29731311,9179627,795859776,437297011,1272067725,1.93137855551421,-0.67643125225131,-0.118033325874816,0.821885875281431,1.0,1.0,1.0,1.0,1.0,0.0,0.0,1.0,1.0,1.0,1.99422358348909,1.99012870256833,1.22813492720622,1.12208990219468,1.74596298885535,1.69496713426559,0.185276526952046,-0.0932608284880792,1.40589150681457,1.36668409818791,2001-05-01
4837718601,1197047484,1680841962,9311999220,19350874404,7160985738,19350874404,3589920,287919,739933056,154756915,898567811,2.34949325078505,-0.865790050894275,-0.110857783591852,0.992111966262368,1.0,1.0,1.0,1.0,1.0,0.0,0.0,1.0,1.0,1.0,1.75293114720521,1.79834511511361,1.30242648264869,0.996363351389887,1.54681711777648,1.850461824667,0.10498524516638,-0.221165787515741,1.32869926323688,1.25026945597495,2001-06-01
3925762030,1000917243,1338820783,7996135145,15703048121,5367174950,15703048121,0,0,714532838,46577376,761110214,0.0,-1.0,-0.114083165759315,1.14410689748576,1.0,1.0,1.0,1.0,1.0,0.0,0.0,1.0,1.0,0.8,1.6418788420984,1.74430785969755,1.29114822064355,1.05494327191541,1.53635945027017,2.17003975017044,0.508239359983973,-0.219138269396824,1.20429127763473,1.1714495293088,2001-07-01
3234940718,836148883,1095516099,6662132078,12939762874,4345965814,12939762874,0,0,668775053,8071198,676846250,0.0,0.0,-0.104093134684279,2.50453915987075,1.0,1.0,1.0,1.0,1.0,0.04,0.04,0.88,0.32,0.0,1.41986198608297,1.47542792941613,1.22316105106671,1.11194555762714,1.45198713668423,1.93266945369753,-0.262385482821465,-0.224280813305168,1.23683306946728,1.02953020709245,2001-08-01
2564172200,656897877,854844570,5371231392,10256688801,3373714962,10256688801,0,0,576761472,2775306,579536778,0.0,0.0,-0.123054032357813,2.46784126920854,1.0,1.0,0.72,0.36,0.52,0.28,0.16,0.12,0.76,0.24,1.15443337067996,1.29496512882409,1.17186855310197,0.940000166961155,1.23135254536955,1.34106194790127,-0.342653228833003,-0.215289462583887,1.38689943008949,0.794132404623155,2001-09-01
2180242661,543290004,710265394,4691921684,8720970645,2775493562,8720970645,0,0,531662400,0,531662400,-1.0,-1.0,-0.131852160865557,-1.0,1.0,1.0,0.88,0.88,1.0,0.96,0.72,0.48,1.0,0.92,1.12507970727011,1.30205581088982,1.11000705045367,0.892163461933732,1.21178954921393,1.36416712684961,-0.712548655454003,-0.226969345896387,0.972161953376819,-0.00240794938602861,2001-10-01
1926835141,415704150,545578632,4234616928,7707340566,2511440856,7707340566,482734,0,471640320,30102866,502225920,-0.912706379149216,-1.0,-0.138982596782013,0.643555837333575,1.0,1.0,1.0,1.0,1.0,1.0,0.96,0.92,1.0,1.0,1.30556616609134,1.49485743079805,1.10920732714713,0.981549976946944,1.32362655371501,-0.273404377429529,-0.691019665314538,-0.220624456338477,1.11679286880537,-0.131664404387279,2001-11-01
3178987317,578488337,837548905,4326529865,12715949269,6973382163,12715949269,131901558,67494609,512956454,207219237,919571858,0.318746691820367,-0.135065243940819,-0.130134554967968,0.0500095441328763,1.0,1.0,1.0,1.0,1.0,1.0,1.0,1.0,1.0,1.0,1.44721972017122,1.62344365558794,1.0836489508601,1.35728093567902,1.51824734838046,0.580122322328495,0.389078382722067,-0.228396798504833,0.542510026532499,-0.21327282091251,2001-12-01
3673709350,824651906,1643079434,5184248990,14694837400,7042857069,14694837400,140833486,67422935,554085965,195602481,957944866,-0.641166875968088,-0.904533318235112,-0.214600702536444,-0.763945443323224,1.0,1.0,1.0,1.0,1.0,1.0,1.0,1.0,1.0,1.0,0.158986647729989,0.270524643058713,0.922111887872715,0.511251413656063,0.655628338106718,-0.276042896656185,-0.495605856297562,-0.370577795810765,-0.394174951169679,-0.795099630884905,2002-01-01
8767251259,4941899021,8696732738,6747629616,35069005037,14682743662,35069005037,322576128,331920046,626950195,488068762,1769515131,0.27236556351139,-0.204341482311406,-0.0801730756419623,-0.477125303610245,1.0,1.0,1.0,1.0,1.0,1.0,1.0,1.0,1.0,1.0,0.212306065112293,0.404940402453137,0.665805438419677,-0.194457017361673,0.0524102412362216,-0.0528709645898476,-0.579553408693028,-0.365060638488349,-0.518018419669463,-0.761008465878514,2002-02-01
9942855553,3984486048,6983177267,9804776584,39771422212,18998982313,39771422212,167501779,173458541,723746534,456313651,1521020506,-0.258116971999869,-0.496639881410899,-0.113270320673921,-0.707098973437171,1.0,1.0,1.0,1.0,1.0,1.0,1.0,1.0,1.0,1.0,-0.165642040353271,0.0920305969619994,0.543410306965564,-0.655637767136101,-0.394235059244229,-0.12050591433008,-0.709619180366677,-0.373244290697974,-0.587415378921628,-0.914693525331389,2002-03-01
7900438896,1909710540,4184897292,11303943336,31601755584,14203204416,31601755584,23126757,32885741,696325248,61850304,814188050,-0.838084113127994,-0.74871381595165,-0.186358180469458,-0.929620805687611,1.0,1.0,1.0,1.0,1.0,0.12,0.24,1.0,1.0,1.0,-0.391332051416525,-0.0257117493263006,0.569688717757677,-0.814515032006511,-0.533096243520038,-0.212544123034544,-0.784694561059519,-0.438192534879833,-0.815823276954687,-1.02500361475028,2002-04-01
6183200037,1110101828,2404896188,11073022978,24732800147,10144779152,24732800147,27037162,2120543,684856166,227329736,941343607,1.6657471312934,-0.925253889682899,-0.241046810570394,-0.0528889430771094,1.0,1.0,1.0,1.0,1.0,0.0,0.0,1.0,1.0,1.0,-0.43615055645091,-0.0195834836700001,0.590057223796916,-0.818389013495747,-0.509043716883907,-0.177066689253523,-0.799328853133682,-0.528036380081923,-0.754574256925794,-1.01260887394815,2002-05-01
4118071428,760158702,1233964098,8788371696,16472285712,5689791216,16472285712,2424453,0,616014720,83981837,702421010,1.26208087151935,-1.0,-0.259764529994394,0.0810581344411116,1.0,1.0,1.0,1.0,1.0,0.0,0.0,1.0,1.0,0.0,-0.551944293164359,-0.138223187444691,0.660945154859831,-0.996366900384013,-0.633896125020103,-0.208028349502878,-0.87780677444007,-0.644188742196003,-0.866633599738298,-1.12739442831492,2002-06-01
3348560385,633941903,934975258,7669703527,13394241542,4155620854,13394241542,0,0,595729728,22269932,617999660,0.0,-1.0,-0.261381749963215,0.0251568127723406,1.0,1.0,1.0,0.0,1.0,0.0,0.0,0.0,0.0,0.0,-0.485604677312777,-0.0389458904478267,0.739647950724463,-0.971846957331445,-0.55220092907528,0.0990193389942291,-0.910442848804131,-0.629603160880686,-0.64594288157626,-0.839963282729915,2002-07-01
2744785720,505434056,750982403,6393479742,10979142881,3329246680,10979142881,0,0,544807987,1401232,546209219,0.0,0.0,-0.270162345368934,-0.391580815653213,0.0,0.64,1.0,0.0,0.0,0.0,0.04,0.0,0.36,0.0,-0.770634112869543,-0.299718566439232,0.815314314296811,-0.869841222862107,-0.54653654188162,-0.168248204925337,-1.02595394367915,-0.677892655083984,-0.614400122348247,-0.932696843224635,2002-08-01
2178884164,375443802,576350370,5174943282,8715536658,2588799204,8715536658,0,0,475860096,0,475860096,0.0,0.0,-0.276471101819672,-1.0,0.0,0.0,0.4,0.04,0.0,0.24,0.08,0.0,0.52,0.04,-0.681837365357223,-0.113467337895481,0.846208122545226,-0.621236983836658,-0.228992670364499,0.052344720690047,-1.37968501098841,-0.701077624084228,-0.44556252616926,-0.896013250908617,2002-09-01
1871113960,292226469,464519711,4522823579,7484455841,2204886082,7484455841,0,0,436236365,4541709,440778074,-1.0,-1.0,-0.287672670753124,1.91280034672671,0.48,0.68,0.84,0.8,0.84,0.92,0.72,0.0,0.96,0.84,-0.469439156822301,0.21761706475908,0.829309780331374,-0.267111782678505,0.184703294238543,1.2418577524068,-1.2826627974537,-0.712136128865471,0.406095198791218,-0.611162861064971,2002-10-01
1697412314,218061936,369034326,4221835182,6789649257,1980717813,6789649257,6142418,0,393154560,18834716,418131694,0.110743830258558,-1.0,-0.282264675092855,0.0283375600036229,0.96,0.96,1.0,1.0,1.0,1.0,0.96,0.36,1.0,1.0,-0.348948058442244,0.250979953231772,0.840305781187123,-0.159899406856125,0.332401692619,0.601464197405998,-1.0200762327862,-0.707788887501456,0.389208262602437,-0.675608575035961,2002-11-01
2006942564,206854785,371034902,4732121539,8027770258,2717759032,8027770258,123332820,56202689,446478566,277940782,903954857,0.233076786680667,-0.279769752614172,-0.242866965553481,0.408365738354456,1.0,1.0,1.0,1.0,1.0,1.0,1.0,0.88,1.0,1.0,-0.376734402476124,0.147570780815932,0.955603566857525,-0.333497588457267,0.236311441363605,0.544678248080972,0.277865191903376,-0.697217586705148,0.718275126260065,-0.683480624981976,2002-12-01
4530837784,2315472950,2879740796,6295775951,18123351136,6632361439,18123351136,270989798,323484296,511038720,2619785894,3725298708,-0.309538387160188,-0.541966358047378,-0.275618807977655,2.16157748034306,1.0,1.0,1.0,1.0,1.0,1.0,1.0,1.0,1.0,1.0,0.190414678177042,0.154349863220752,1.16845281136818,-0.614182318513555,-0.010040125347462,0.0701884825192453,0.00602844271047775,-0.813812581811961,1.53037969460571,0.208185549337055,2003-01-01
7825657140,3503964038,5752509134,7519479559,31302628560,14526675828,31302628560,165337805,314904361,535494758,892829952,1908566876,-0.347843467281968,-0.245130446280072,-0.214351474168067,-0.043499140266059,1.0,1.0,1.0,1.0,1.0,1.0,1.0,1.0,1.0,1.0,-0.0907243913974335,-0.090998553139058,1.14448078297741,-0.674162776575286,-0.353508411088766,-0.145613851068553,-0.251888442272021,-0.80993953181128,1.22990052498285,0.170038920430164,2003-02-01
12932823223,5456327447,9388963409,10353858795,51731292892,26532143240,51731292892,137263715,184159284,666578765,678931546,1666933309,-0.392044546161343,-0.465587345266445,-0.18331191064467,-0.564203818690997,1.0,1.0,1.0,1.0,1.0,1.0,1.0,1.0,1.0,1.0,-0.0671704593058387,0.026275720312982,1.0036727050121,-0.575557278411183,-0.257776663411447,-0.251016231045153,-0.396499860940629,-0.792537969514041,0.648049017697459,-0.068344034481002,2003-03-01
11364366285,6296673240,8318432376,11465982648,45457465140,19376376876,45457465140,124376602,97668634,732271104,327426624,1281742963,-0.129210046627147,-0.253695442416172,-0.144356182460012,-0.62742265594126,1.0,1.0,1.0,1.0,1.0,0.96,1.0,1.0,1.0,1.0,0.369158691810935,0.379330330890553,0.960656806806753,-0.502414708087906,-0.0371704880669056,-0.173373102548032,-0.399930226155513,-0.749667116314781,0.443279171400663,-0.138567412025576,2003-04-01
7647633483,2564650696,3007101172,10981746900,30590533933,14037035166,30590533933,8696551,2088295,701022989,58348408,770156243,-0.142557776344079,-0.926390583423386,-0.22313084218842,-0.756906317123803,1.0,1.0,1.0,1.0,1.0,0.0,0.0,1.0,1.0,1.0,0.488020401479835,0.428096901967053,0.902872812089831,-0.359841886366992,0.0950487032982936,-0.172141750046957,-0.415912828421251,-0.752360579606902,0.41148705923211,-0.15833762240618,2003-05-01
4458149739,1153466568,1355165532,8749393092,17832598956,6574573764,17832598956,48522,116122,626755968,15880355,642800966,-0.954727426964118,-0.945871392510474,-0.246857285242634,-0.795579769042429,1.0,1.0,1.0,1.0,1.0,0.0,0.0,1.0,0.04,0.0,0.386907789529491,0.339761724312626,0.913229366832728,-0.380602953794525,0.0404557074815895,-0.192844815953805,-0.450328330376716,-0.764197906500684,0.282599717380669,-0.289258914918248,2003-06-01
3577221183,905159309,1106428514,7626427670,14308884731,4670869237,14308884731,0,0,606261197,3196724,609457921,0.0,-1.0,-0.248324259813298,-0.852844481639609,1.0,1.0,1.0,1.0,1.0,0.0,0.0,0.0,0.0,0.0,0.367192538368753,0.366729367137903,0.875938899088331,-0.29571404764811,0.0930815753989208,-0.166486878532567,-0.725782605527196,-0.697285279189734,-0.304802592402727,-0.682511142875731,2003-07-01
2943657548,739276009,901071067,6389304619,11774630192,3744978498,11774630192,0,0,555628723,0,555628723,0.0,0.0,-0.2556666317062,-1.0,1.0,1.0,1.0,0.0,0.0,0.0,0.0,0.0,0.04,0.0,0.642208576726603,0.668604069001182,0.872119707265379,-0.0537273436988066,0.351813378975602,0.0181292642441759,-0.62602658871261,-0.656027409334944,-0.443175125833393,-0.78971619150878,2003-08-01
2331566816,570908142,698171886,5151977082,9326267262,2905210152,9326267262,0,0,481033728,0,481033728,0.0,0.0,-0.268604772425769,-1.0,0.16,0.28,0.28,0.08,0.04,0.24,0.12,0.0,0.6,0.04,1.06566737544974,0.991580385416858,0.841999608734585,0.163892354299742,0.637991729066519,0.490556043682917,-0.338462440711532,-0.633884322882137,-0.423449290152744,-0.764123844817909,2003-09-01
1982761934,460453649,565712034,4516504564,7931047738,2388377491,7931047738,0,0,447496358,2297532,449793890,-1.0,-1.0,-0.269286305434629,0.47350923371283,0.8,0.8,0.84,0.96,1.0,1.0,0.72,0.0,1.0,0.92,1.04920592273731,0.797029792812698,0.799276870080154,0.541038676789469,0.8203586736708,0.304413190817176,-1.27524057542924,-0.662975595535304,-0.51433681019707,-0.757157465639741,2003-10-01
1744738994,353287386,435633552,4010697666,6978955977,2179337373,6978955977,10848764,1047168,395767296,51210870,458874098,0.961800387663978,0.115841895486492,-0.277494915022269,1.79601032515171,1.0,1.0,1.0,1.0,1.0,1.0,1.0,0.6,1.0,1.0,0.940384512300963,0.766248975439037,0.77995416482539,0.378087906658488,0.739538653419764,0.934843056312195,-0.203668355200441,-0.666681581660469,-0.178317327024363,-0.678890069797644,2003-11-01
1977348574,316688269,421394764,4427979063,7909394296,2743332200,7909394296,191810938,86507927,455285146,218108540,951712551,0.917718362926504,0.108587998528215,-0.22793287345013,0.105187201766727,1.0,1.0,1.0,1.0,1.0,1.0,1.0,0.96,1.0,1.0,0.832867559006733,0.707551975069072,0.820367307178273,0.0405602856646385,0.540325926464558,1.37078795999528,0.558807123545415,-0.655560885055498,0.422154686466864,-0.593642588624685,2003-12-01
4820928718,1021405329,1418886473,5119081454,19283714870,11724341614,19283714870,250013641,301612481,517284749,378318643,1447229514,-0.36298405774527,-0.572935486810444,-0.26676526007516,-0.543442193008297,1.0,1.0,1.0,1.0,1.0,1.0,1.0,1.0,1.0,1.0,-0.148322185622173,-0.264310295673688,0.669230641033378,0.326677666163175,0.291862147051455,0.190269708090916,0.01973133895099,-0.772775797361445,-0.092745137160709,-0.709902170361211,2004-01-01
8782000684,1838775433,3276241180,5888130611,35128002737,24124855513,35128002737,267378589,444673843,515271629,364372370,1591696431,0.0182779582994815,0.0291883265251208,-0.270089956086752,-0.62310351751677,1.0,1.0,1.0,1.0,1.0,1.0,1.0,1.0,1.0,1.0,-0.87255378638909,-0.868357237668813,0.221332995179781,0.350067075223572,-0.120385103253404,0.146029429976635,-0.0881232499004724,-0.817308640802421,-0.45382011170758,-0.746620345835801,2004-02-01
15667550282,5104957190,9095287619,7883009406,62670201127,40586946912,62670201127,360362650,912766579,615217766,893439245,2781786240,0.596084142749204,1.64876143562185,-0.246239081244327,-0.426514479053484,1.0,1.0,1.0,1.0,1.0,1.0,1.0,1.0,1.0,1.0,-0.684099224441173,-0.592622861537133,-0.0743519977447837,0.696123760135401,0.205404635307133,0.321254460719301,0.411109491844244,-0.85667487405276,-0.308860669245179,-0.476362903354234,2004-03-01
10511514585,2733752376,4195425672,8152535844,42046058340,26964344448,42046058340,51195110,142431437,615672576,302294592,1111593715,-0.64157094481882,0.0883456285709011,-0.28059917917597,-0.656020286821024,1.0,1.0,1.0,1.0,1.0,1.0,1.0,1.0,1.0,0.8,-0.670847088027452,-0.570969397889189,-0.329888153874639,0.785657306139644,0.232557975165696,0.206100410814247,0.408633367320241,-0.955686642866751,-0.435837587480765,-0.534477304683448,2004-04-01
6457755009,1350736985,2120106492,8372923027,25831020035,13987253531,25831020035,12701616,52405574,644005210,245033960,954146359,0.252324298322735,0.847221738069509,-0.286317577595222,0.0208711668991889,1.0,1.0,1.0,1.0,1.0,0.0,0.0,1.0,1.0,0.4,-0.650746713363643,-0.542884895822002,-0.434597962357948,0.825415117217161,0.235275718459625,0.20366003126927,0.425507363568273,-1.03172110969866,-0.400514962721738,-0.516603309079309,2004-05-01
4010675580,864072360,1110103704,6806155842,16042702320,7262370414,16042702320,868942,5224850,589700736,87123341,682917869,-0.189253344842469,1.43549736234567,-0.291384787890114,0.121497217259306,1.0,1.0,1.0,1.0,1.0,0.0,0.0,0.04,1.0,0.0,-0.695124807978324,-0.606679904308893,-0.547299400678399,0.731224329318607,0.133911605702606,0.139072267311263,0.412318872936862,-1.04012631522756,-0.504446355117642,-0.647024372682338,2004-06-01
3260321572,727236490,887639560,5994580217,13041286286,5431830019,13041286286,0,0,563546074,27974281,591520355,0.0,-1.0,-0.301284802262658,0.28774641058656,1.0,1.0,0.4,1.0,1.0,0.0,0.0,0.0,0.96,0.0,-0.653179288255782,-0.510217688103828,-0.625586786337065,0.732930484905729,0.141912838840024,0.354384643236218,1.33962452294529,-0.993784671614243,-0.360319084207218,-0.481508646878622,2004-07-01
2689415506,586072924,715239378,5068247152,10757662024,4388102570,10757662024,0,0,514777766,6288562,521066328,0.0,0.0,-0.310391538830959,1.73051310219461,0.0,0.0,0.0,1.0,0.0,0.0,0.0,0.0,0.16,0.0,-0.279977741027886,-0.0740927336955815,-0.676932137967729,0.818192903949017,0.316681112834797,0.438398079969951,1.64250228042828,-0.932115551742791,-0.166081797854397,-0.423495438648598,2004-08-01
2135069057,442003689,548408286,4143095676,8540276229,3406768578,8540276229,0,0,455072256,43753,455116009,0.0,0.0,-0.308078297079745,-0.945329161102585,0.0,0.04,0.0,0.16,0.04,0.2,0.04,0.0,0.8,0.08,-0.236796833851318,-0.236435229819338,-0.722901120976705,0.786397305073141,0.172829163382485,0.144174861835555,0.541855510597964,-0.879880430071371,-0.0951775065049052,-0.779095210765848,2004-09-01
1790482695,344747996,438487951,3604576686,7161930781,2774118148,7161930781,0,0,407116800,1314666,408431466,-1.0,-1.0,-0.335221805801334,-0.156846266873857,0.4,0.32,0.04,0.92,0.72,0.96,0.48,0.0,0.96,0.52,-0.0583895231699017,-0.0562014573196979,-0.683899366319959,0.891336112786331,0.156803514527767,0.596884851000705,1.05231436114232,-0.851929488347563,0.469028654612042,-0.686085923199536,2004-10-01
1635653547,261850212,344659239,3675657312,6542614188,2260447425,6542614188,12645435,114670,373890816,14083580,400734501,1.28669539533649,-0.87780978847445,-0.317432191803759,-0.231064894484195,1.0,1.0,0.92,1.0,1.0,1.0,1.0,0.36,1.0,1.0,0.0963340452333863,0.0332309647565968,-0.624337372561857,0.978759581410612,0.162344063991305,1.25855416528774,0.851435308913495,-0.837834475563455,0.433994544977426,-0.787646074719255,2004-11-01
2316420462,290148896,658842820,4132948002,9265681847,4183742128,9265681847,99614303,313944906,458884915,190170685,1062614810,-0.00406003864019741,3.02316372175822,-0.221828427042921,-0.0363779082409402,1.0,1.0,1.0,1.0,1.0,1.0,1.0,0.88,1.0,1.0,0.118123742999733,0.257150511511734,-0.517426593502522,0.821136742323189,0.226009899436286,0.311296899221575,1.65736148776097,-0.800597713179231,0.180930122623585,-0.653118324654212,2004-12-01
5218380504,2713128804,6546073491,6597281793,20873522017,5017037929,20873522017,2140587994,5479363584,628416922,2601562061,10849930560,4.4540571165892,6.75843801840938,-0.109238926640196,2.13958481978311,1.0,1.0,1.0,1.0,1.0,1.0,1.0,1.0,1.0,1.0,0.698925805372394,1.45230641813947,-0.0667241879644227,-0.199296197035445,0.282018295391718,2.34629302161297,2.47108755737203,-0.787195521845869,1.47741807414195,2.27067345399001,2005-01-01
7970915686,3716703547,7128175320,7502309892,31883662742,13536473983,31883662742,147403791,351635558,544203878,539733197,1582976425,-0.418582183311836,-0.157080657021506,-0.201573931191293,-0.421776492141979,1.0,1.0,1.0,1.0,1.0,1.0,1.0,1.0,1.0,1.0,0.131861182122522,0.702681762937103,0.447631178500253,-0.639665566817548,-0.179326854742793,2.03384154807202,2.68421005700178,-0.744598746667557,1.01601658080014,1.90244135347565,2005-02-01
6650978244,1841906218,3297236396,8961482567,26603912977,12503287796,26603912977,87309412,288002995,631984550,508821005,1516117962,-0.613297416074433,-0.16424281474246,-0.225696523466174,-0.673395274827469,1.0,1.0,1.0,1.0,1.0,0.72,1.0,1.0,1.0,0.96,-0.610711411926895,-0.0609582014982732,0.465011811258164,-1.376364157225,-0.952311282479287,1.70832717449654,2.63431417105481,-0.737708957914051,0.450754054936119,1.38123949608615,2005-03-01
6101411724,1099853964,1770794460,8904545244,24405646896,12630453228,24405646896,93003034,105704870,618814080,1393833485,2211355469,-0.34886380355903,-0.192289032511581,-0.276928395963723,0.586037114156366,1.0,1.0,1.0,1.0,1.0,0.52,1.0,1.0,1.0,1.0,-0.896110224022555,-0.406918071736503,0.326089317620907,-1.49324403663794,-1.15521004918968,1.4354313181686,2.57323410664694,-0.783033509082327,0.550985768303513,1.28211723838621,2005-04-01
4454115365,729351868,1108483517,8303486846,17816461459,7675139228,17816461459,3737439,21739823,614907072,87200133,727584467,-0.63150466322254,-0.233702257700933,-0.318563946134281,-0.636703003256226,1.0,1.0,1.0,1.0,1.0,0.0,0.0,0.68,1.0,0.0,-0.953697576622949,-0.493047324958155,0.148196121837493,-1.55323917273882,-1.22764966392152,1.41811359052897,2.55437634684627,-0.858310776311105,0.527486989365548,1.26099006434833,2005-05-01
3149639870,526729068,762542046,6860728674,12598559478,4448559690,12598559478,0,812125,564662016,25751727,591225869,-1.0,-0.62143805137013,-0.321472621939824,-0.668510294616017,0.0,1.0,1.0,1.0,1.0,0.0,0.0,0.0,1.0,0.0,-1.02257776785411,-0.623719455253619,0.0527871056540142,-1.63224459302307,-1.30609601904011,1.54005196299427,2.53615270907026,-0.921786320177221,0.424910965924784,1.08059397201139,2005-06-01
2637389051,430591581,619317169,5991138473,10549556203,3508508979,10549556203,0,0,546297178,6959447,553256625,0.0,-1.0,-0.322670925499044,-0.679634180669862,0.0,0.0,0.16,0.0,0.0,0.0,0.0,0.0,0.0,0.0,-1.38185349529636,-1.20374989060866,-0.189025055395241,-1.57508504187892,-1.48350166701623,-0.447282770706316,-0.24328949614267,-0.994222733104694,-0.0734157794195566,-0.599584120581783,2005-07-01
2170350444,331066366,478202373,5074561870,8681401777,2797571167,8681401777,0,0,498750221,76281,498826502,0.0,0.0,-0.3318624176819,-0.96687862533413,0.0,0.0,0.0,0.0,0.0,0.0,0.0,0.0,0.04,0.0,-1.80543333138571,-1.83881823937115,-0.446936931193023,-1.55884382965312,-1.66433396598773,-0.302821806820337,-0.0922491116407242,-0.987958203414983,0.0624756871230452,-0.586171793506394,2005-08-01
1705404854,235132794,345048444,4108748571,6821619417,2132689608,6821619417,0,0,428830848,570447,429401295,0.0,0.0,-0.347977454787099,-0.287206266318538,0.0,0.0,0.0,0.04,0.04,0.2,0.04,0.0,0.52,0.04,-1.4559872739893,-1.60626420296431,-0.619256946219257,-1.18221891009423,-1.30797737333672,0.329585612972049,-0.0461768927104987,-0.968123985161362,0.577434295013654,-0.429921235591272,2005-09-01
1440374035,172385646,262778019,3603991456,5761496140,1722341019,5761496140,0,0,399103027,0,399103027,-1.0,-1.0,-0.348307439729244,-1.0,0.32,0.16,0.08,0.8,0.64,0.92,0.76,0.0,1.0,0.8,-1.44808153663101,-1.41127322689029,-0.691736823216,-1.14655379764496,-1.23333849779828,-0.148786535097535,-0.033121425802739,-0.950431279760409,-0.28772658533021,-0.978351395152705,2005-10-01
1254349928,124922439,192979125,3179036403,5017399713,1520461746,5017399713,4656787,0,339220224,11156901,355033912,-0.157905287690515,-1.0,-0.380726150835654,-0.390855674304864,0.96,1.0,0.72,1.0,1.0,1.0,1.0,0.08,1.0,1.0,-1.52559597484838,-1.19924202066152,-0.727015569075515,-1.07249281967175,-1.17772362536536,-0.130695994761804,-0.364352704353237,-0.947265178199679,-0.582923496364817,-0.98183672724339,2005-11-01
2354076868,177868666,201045112,3282521072,9416307474,5754872624,9416307474,31654724,1393946,366833664,522695117,922577451,-0.683517289543746,-0.98213675437533,-0.377927842312981,1.64857099630099,1.0,1.0,1.0,1.0,1.0,1.0,1.0,0.36,1.0,1.0,-1.46667931923348,-1.29444272958999,-0.882904446940073,-0.235310538669415,-0.824488773851087,-1.22872235632286,-1.18110753945669,-0.976018232123221,1.75961662959661,-0.903524085570617,2005-12-01
